what movie times are at bow tie cinemas,SearchScreeningEvent
can you put this xandee,AddToPlaylist
play isaac hayes on ,PlayMusic
play my fusion fest playlist on youtube,PlayMusic
how do i see the tv series,SearchCreativeWork
the amityville: the evil escapes chronicle is only a 1 out of 6,RateBook
please book me seating at the food court,BookRestaurant
is there a depression in solromar,GetWeather
book midday at a faraway cuban place for five at a top-rated ,BookRestaurant
book an osteria that serves blini for ,BookRestaurant
can you play a song from the newest,PlayMusic
i want a table for 2 at a portugal restaurant,BookRestaurant
this horrible essay,RateBook
"i want to see love, speed and thrills at the nearest ",SearchScreeningEvent
find the innocent when you dream ,SearchCreativeWork
will there be a snowstorm at my current place,GetWeather
book a churrascaria restaurant that serves ,BookRestaurant
put kan on my ,AddToPlaylist
play a martyn bennett from ,PlayMusic
i give warheart 5 stars.,RateBook
tell me if it will ,GetWeather
need find the book called hollywood connection,SearchCreativeWork
whats the movie schedules for animated movies,SearchScreeningEvent
book a restaurant in medford lakes,BookRestaurant
rate the current album 2,RateBook
"i liked ports of call, i'd give it a 5 out of 6",RateBook
rate the broken spears with 2,RateBook
find and book me a ,BookRestaurant
add tapper zukie to the all out 00s,AddToPlaylist
give a human being died that night,RateBook
include sean yseult,AddToPlaylist
is live forever: the rise and fall of brit pop playing at the closest ,SearchScreeningEvent
rate the current album a 3.,RateBook
where can i find the novel a woman in the web,SearchCreativeWork
add this nozomi tsuji tune to my ,AddToPlaylist
is it hot in zephyrhills?,GetWeather
what movies are playing in the area?,SearchScreeningEvent
play a top-twenty tune,PlayMusic
add artist abdel halim hafez,AddToPlaylist
find a movie house for ,SearchScreeningEvent
i want to give this current novel ,RateBook
will there be cloud coverage at ,GetWeather
is hollows grove playing at any movie theatre at ten pm?,SearchScreeningEvent
add teddy boy to ,AddToPlaylist
can i get the movie schedule for the bow tie cinemas.,SearchScreeningEvent
tell me when it'll be hotter,GetWeather
add to my mac 'n cheese,AddToPlaylist
play barry manilow from the ,PlayMusic
whats the weather forecast in nicaragua,GetWeather
play the last soundtrack,PlayMusic
will it be warm neighboring here in whitehouse,GetWeather
find the schedule for the voice in the fog at night at the closest,SearchScreeningEvent
find meal time movie times close by,SearchScreeningEvent
play some annie herring beat street on ,PlayMusic
play a popular sound track,PlayMusic
book a table at top pot doughnuts in 16 hours for 5,BookRestaurant
what animated movies are playing now,SearchScreeningEvent
book a churrascaria in ,BookRestaurant
rate this textbook 2 points.,RateBook
add a track from the edge to my funk soul disco playlist,AddToPlaylist
give five out of 6 points,RateBook
play the soundtrack for the lord of the rings: conquest,SearchCreativeWork
play a tune by ,PlayMusic
i want to give the chronicle zombie bums from uranus 3 ,RateBook
bombshells saga download,SearchCreativeWork
find a show called star trek: starfleet academy starship bridge simulator,SearchCreativeWork
find a tv show called the ambient collection.,SearchCreativeWork
rate this chronicle a 3,RateBook
rate darth maul: shadow hunter ,RateBook
rate mandela: the authorised biography a ,RateBook
put this whole ,AddToPlaylist
give 0 stars to this textbook,RateBook
add mr j medeiros to my,AddToPlaylist
what is the release date for the dvd called wild is the wind?,SearchCreativeWork
play a tune by layne staley,PlayMusic
please give me the weather for federated states of micronesia.,GetWeather
what's the cloud forecast now,GetWeather
where can i watch the television show called fangs of the arctic,SearchCreativeWork
show me the movie times for animated movies in the area .,SearchScreeningEvent
book a spot for eight,BookRestaurant
play halid 08 by ,PlayMusic
rate this book the book of snobs 1,RateBook
play some chant music by kevin jonas on deezer,PlayMusic
make a reservation in a popular sicilian bar place ,BookRestaurant
when is sea of fear being shown at the closest ,SearchScreeningEvent
add the album by cham,AddToPlaylist
play an andy silvester,PlayMusic
i want to hear the new movement from ,PlayMusic
please inform me when i can see the abdication at a movie theatre,SearchScreeningEvent
can you help me find the ,SearchCreativeWork
i want to rate the current textbook,RateBook
can you play any chant from the fourties,PlayMusic
play the greatest music you can find by ari herstand,PlayMusic
add share the well to my epic wall of sound,AddToPlaylist
can you put musiri subramania iyer's song onto the lo-fi love soundtrack?,AddToPlaylist
add garry shider album,AddToPlaylist
add jeff burrows album to my ,AddToPlaylist
put another tune into my dancehall official playlist. ,AddToPlaylist
i want to find an oyster bar with tetrazzini,BookRestaurant
will the weather be cloudy at 0 pm at my ,GetWeather
book a restaurant that serves trottole,BookRestaurant
list movies by ,SearchScreeningEvent
show me the schedule for arclight hollywood,SearchScreeningEvent
play suite sudarmoricaine by afi,PlayMusic
add kirk hammett to ,AddToPlaylist
i'd like for you to put this artist,AddToPlaylist
i'd like to watch films at the closest movie theatre,SearchScreeningEvent
rate from a buick 8,RateBook
book a reservation for irene and rosella at ,BookRestaurant
add steel guitar rag in ,AddToPlaylist
"i'd like to hear music from 1951, preferably a ",PlayMusic
i'm looking for the pokémon: the movie 2000,SearchCreativeWork
i give warheart 5 stars,RateBook
rate the beyond black ,RateBook
"put corrina, corrina onto my classical x list.",AddToPlaylist
courtney and ruby want to eat at a ,BookRestaurant
show me then we came to the end,SearchCreativeWork
give the current book 5,RateBook
can i get the showings for films at the nearest,SearchScreeningEvent
"book a table at top pot doughnuts in greensburg, american samoa",BookRestaurant
find a ,SearchCreativeWork
i'd rate the current,RateBook
play greatest ,PlayMusic
book a reservation for six for a tyrolean ,BookRestaurant
give me a list showtimes for the night of taneyamagahara,SearchScreeningEvent
book a table for 1 on ,BookRestaurant
how can i rate the current chronicle 5,RateBook
i want to book a meal at a restaurant that searves kouglof,BookRestaurant
book a restaurant within the same area as ,BookRestaurant
the zen focus playlist needs ,AddToPlaylist
will it be colder in oswego 16 weeks from now,GetWeather
i need to go to a restaurant,BookRestaurant
show chillier conditions next week in ,GetWeather
play nick hexum latest,PlayMusic
can you give me the movie schedule for ,SearchScreeningEvent
is it going to get chillier,GetWeather
add kaya newest track,AddToPlaylist
give physics of the impossible,RateBook
book me a reservation at rustic inn,BookRestaurant
play gloria on ,PlayMusic
show me the closest 12 a.m. showing at a ,SearchScreeningEvent
add this artist to gretchen's,AddToPlaylist
can you play some music by andrew diamond,PlayMusic
i need a reservation for eight at the original soup man,BookRestaurant
will there be a depression here on october 26,GetWeather
where is the nearest movie theatre that is playing honeysuckle rose,SearchScreeningEvent
i want to read the book crash landing,SearchCreativeWork
when is stripped to kill ii: live girls,SearchScreeningEvent
showtimes for the closest movie theatre that is showing ,SearchScreeningEvent
i want to book a table at a nearby restaurant in andorra,BookRestaurant
add a tune to skylar diggins' training mix,AddToPlaylist
rate this book five out of 6,RateBook
play the latest ep,PlayMusic
add the beatles tune yesterday to my,AddToPlaylist
where is my song goes forth,SearchScreeningEvent
rate the current textbook a ,RateBook
i want an indoor restaurant for a party of five,BookRestaurant
is cloudy in lyncourt,GetWeather
can i hear the song american high,SearchCreativeWork
rate this textbook 5 ,RateBook
book reservations at a tea house,BookRestaurant
"i'd give with lee in virginia, a story of the american civil war chronicle ",RateBook
when will the weather be temperate,GetWeather
show me the book pokémon: the johto journeys,SearchCreativeWork
play christian gangsta rap,PlayMusic
lets take ,BookRestaurant
i give the monkey and the tiger,RateBook
add histoire de melody nelson to ,AddToPlaylist
please find the show ,SearchCreativeWork
add the album to my wild country playlist.,AddToPlaylist
can you rate ,RateBook
"book a reservation for me, marva and barbara at a ",BookRestaurant
add big generator to my country icon,AddToPlaylist
find me a game called merle haggard presents his 30th album,SearchCreativeWork
i want to know the temperate,GetWeather
i want to see the happy thieves,SearchScreeningEvent
"what's the weather forecast for elida, rhode island",GetWeather
can you tell me if it'll be ,GetWeather
what time is the world according to john coltrane,SearchScreeningEvent
book verdure serving restaurant in bloom city,BookRestaurant
rate the twinkie squad ,RateBook
play a sixties song.,PlayMusic
get me a table for 3 within walking distance,BookRestaurant
"find back to boomtown: classic rats hits, a soundtrack",SearchCreativeWork
what is the forecast for the wildreservaat ithala in the ,GetWeather
i would give sentenced to prism a rating of zero and a best rating of ,RateBook
i give the ways of escape chronicle zero out of ,RateBook
what will the humidity be in beroun,GetWeather
give this essay 4,RateBook
i want to add this song,AddToPlaylist
play music from jeremy taylor,PlayMusic
"can i rate the book my life in france not one, but 6 stars?",RateBook
play the top-twenty from tony calder off slacker,PlayMusic
what is the weather forecast for kinbrae,GetWeather
play the heinz strobl ep from 2016 on groove shark,PlayMusic
for the current essay i give a total of ,RateBook
please locate sad love story ,SearchCreativeWork
make me a reservation in cedarburg,BookRestaurant
i'm looking to bring ,BookRestaurant
i want this ,AddToPlaylist
show the phish: live in vegas,SearchCreativeWork
show texas review of entertainment & sports law creative ,SearchCreativeWork
rate the young elites series 1 of ,RateBook
i want to go to the popular pub at ten pm,BookRestaurant
make me a reservation in tn somewhere nearby for a party of ,BookRestaurant
play the best music by ,PlayMusic
book a reservation for my parents and i at red crown tourist court,BookRestaurant
add 157 riverside avenue to ,AddToPlaylist
rate the bourne deception ,RateBook
i'd like to hear don airey's ,PlayMusic
is redacted playing at the closest cinema?,SearchScreeningEvent
make a reservation at a bakery that has acquacotta in central african republic for five,BookRestaurant
me and my grandmother want to eat umbrian food on january the 7th at a ,BookRestaurant
"book a spot for robyn martinez, maude and i at a steakhouse not far",BookRestaurant
give zero out of ,RateBook
book a restaurant in belgium for ten,BookRestaurant
play a trailer for give it all,SearchCreativeWork
book a restaurant for a party of 7 in paraguay on saturday,BookRestaurant
book a spot for seven at a bar with chicken french,BookRestaurant
give the body artist,RateBook
is hail in the weather forecast for ,GetWeather
rate my current novel 3 out of 6,RateBook
please get me rough and ready ,SearchCreativeWork
can i rate the ,RateBook
the last novel is a solid 3 out of ,RateBook
how much rain in montana ,GetWeather
"book a spot for nona gray, myrtle and alison at a top-rated brasserie that is ",BookRestaurant
rate a taste of blackberries  a three,RateBook
how will the weather be in 11 years from now in the same area,GetWeather
add harry j to my,AddToPlaylist
play some twenties,PlayMusic
i'd like to play the video game ,SearchCreativeWork
find a movie called the easy way to stop smoking.,SearchCreativeWork
play a fifties album on ,PlayMusic
i want to give the plague lords of ruel 0 stars,RateBook
add jon mclaughlin to my ,AddToPlaylist
rate my current textbook four out of 6,RateBook
i want to add kiara to my digster future hits,AddToPlaylist
book me a table for nine at a bar with parking in ,BookRestaurant
add d-day dodgers to my,AddToPlaylist
book me a reservation nearby my ,BookRestaurant
add zion golan to my signed xoxo,AddToPlaylist
give this current novel,RateBook
what animated movies are showing in the neighborhood,SearchScreeningEvent
how cold will it be in palau around fourteen o'clock?,GetWeather
play ngola ritmos top-ten songs,PlayMusic
play the lamentation of cloris,PlayMusic
book in west palm beach,BookRestaurant
find lesley's,AddToPlaylist
what is a weather of martinique,GetWeather
i want to add another album to the wine & dine playlist. ,AddToPlaylist
put before the eulogy onto ,AddToPlaylist
play the album have another ball,PlayMusic
play a ballad by ,PlayMusic
the book the geoff ryman bibliography should have a rating of three to 6 ,RateBook
book a table around london borough of ealing that is highly rated in a ,BookRestaurant
find the closest cinema playing little red monkey.,SearchScreeningEvent
give the lost world,RateBook
rate a spot of bother,RateBook
rate secrets and lies 2 of ,RateBook
put any andrew hurley album onto ,AddToPlaylist
please play something that's freak folk on google music,PlayMusic
add om to my classic punk,AddToPlaylist
rate the book the scorpio illusion a 4,RateBook
susanne and carey phillips want to go to a brasserie not far from pricedale,BookRestaurant
"book james d. conrey house for madeleine, keisha and clara alvarez far",BookRestaurant
add iene miene mutte,AddToPlaylist
book a table near bienville for ,BookRestaurant
rate the removers 4 out of ,RateBook
find the schedule for for corn at eleven a.m. at loews cineplex entertainment.,SearchScreeningEvent
what weather will hi,GetWeather
not yet: a memoir of living and almost dying was one out of ,RateBook
add javine hylton to my evening,AddToPlaylist
i would like to book a restaurant within the same area,BookRestaurant
add teenager to the ,AddToPlaylist
what will the weather be like at two o'clock,GetWeather
set me up with a table at a ,BookRestaurant
book a spot for ,BookRestaurant
book a pub for eight people in the pitcairn islands.,BookRestaurant
is the wandering detective: black wind in the harbor playing at ,SearchScreeningEvent
book something at a highly rated and distant ,BookRestaurant
what's the weather here?,GetWeather
show angels of iron television show,SearchCreativeWork
show movie times now,SearchScreeningEvent
what's the weather forecast for mi for august 20th,GetWeather
where is the man with a cross,SearchScreeningEvent
will it be windy at 4 pm,GetWeather
what is the predicted weather for wells in ,GetWeather
"will it be snowy on january 26th in trentwood, ",GetWeather
show me the movie schedules for animated movies,SearchScreeningEvent
make reservations for ,BookRestaurant
what time is socrates playing at the cinema?,SearchScreeningEvent
rate this book four stars,RateBook
play the track grow old with me by artist chloe rose lattanzi,PlayMusic
play the aviation cocktail ,SearchCreativeWork
i'd like to hear infinite indie folk on slacker. ,PlayMusic
this current textbook,RateBook
i need a dinner reservation in three months for a restaurant,BookRestaurant
table for eight at the berghoff in ,BookRestaurant
book the crown at whitebrook in ,BookRestaurant
add a kiley dean tune to my ,AddToPlaylist
add the name kids in the street to the plylist ,AddToPlaylist
i'm wondering what ,SearchScreeningEvent
make me a reservation at a popular place that serves ,BookRestaurant
rate the masks of time zero of 6 ,RateBook
rate the current album 4 of 6 ,RateBook
how much snow will we get this week in massachusetts?,GetWeather
list movie schedule,SearchScreeningEvent
add elkie brooks to happy birthday playlist,AddToPlaylist
book a table for now for ,BookRestaurant
need a table  for party of five,BookRestaurant
rate this chronicle 3,RateBook
will it be snowy in crouch,GetWeather
will it be hot three minutes from now,GetWeather
what films and movie schedules are in the neighborhood,SearchScreeningEvent
rate the previous album 0 points,RateBook
play some 1993 concerto off of ,PlayMusic
rate blood and gold,RateBook
give power of faerûn two,RateBook
what's the forecast for this month,GetWeather
play the newest melody from corey clark on lastfm,PlayMusic
i need a table right now for four,BookRestaurant
need a restaurant booking for next week for a party of 6 in the state of ,BookRestaurant
play midnight special,PlayMusic
how will the weather be at 8 am in ,GetWeather
book a table for my granddaughter and i at the highly rated restaurant that is close by in ,BookRestaurant
give home from the hill,RateBook
rate the promise 1 points,RateBook
can i hear a tune from ,PlayMusic
i'm giving 0 ,RateBook
i want to rate this current,RateBook
i am giving fifty years a hunter and trapper,RateBook
rate the pig scrolls one of ,RateBook
what films are playing at 11 a.m.,SearchScreeningEvent
book sot for one,BookRestaurant
"book a table for 6 at a restaurant in pershing square, manhattan at two am",BookRestaurant
show movie times for movies,SearchScreeningEvent
what is the 7 day for ,GetWeather
i need a reservation for harveys ,BookRestaurant
play ik hou van jou by ,PlayMusic
add satisfied to my,AddToPlaylist
book a brasserie for me and my team at four am,BookRestaurant
book me a reservation for ad hoc,BookRestaurant
can you play a song by ken,PlayMusic
when is crime and punishment u.s.a. showing?,SearchScreeningEvent
find kerasotes theatres with movie times,SearchScreeningEvent
please find me ,SearchCreativeWork
what times is the 7 faces of dr. lao showing at united paramount theatres,SearchScreeningEvent
rate the australian ugliness 3 points,RateBook
book rosalie stewart and evelyn at a ,BookRestaurant
restaurant near in town uses in two years,BookRestaurant
give home from the hill a 3,RateBook
is it better in holi,GetWeather
play the greatest vimeo,PlayMusic
add this extended play to ,AddToPlaylist
i want to take four,BookRestaurant
add the artist  w g snuffy walden to my ,AddToPlaylist
"is people of the cumberland playing at landmark theatres now

",SearchScreeningEvent
i'm looking for a local cafeteria,BookRestaurant
give 1 point to current ,RateBook
restaurant in south sudan for ,BookRestaurant
show the second civil war,SearchCreativeWork
find me the video game,SearchCreativeWork
book a table for pearl and verna slated ash wednesday,BookRestaurant
play me the last ,PlayMusic
what is the weather forecast close,GetWeather
play the album everybody happy by lee aaron,PlayMusic
rate definitely dead saga 5 ,RateBook
play music from 2012 by yossif kobzon on last fm,PlayMusic
play anything from the top-50,PlayMusic
i'd say ,RateBook
give the denationalization of money ,RateBook
"i need a weather forecast for sã£o tomã© and prã­ncipe on december 8th, 2026",GetWeather
what time is the crystal gazer playing at the closest cinema,SearchScreeningEvent
can you get seating for my father and i,BookRestaurant
make me a reservation at a fast food restaurant for elba and corina at a ,BookRestaurant
book reservations at a restaurant in mi seven weeks from now,BookRestaurant
book a spot at a highly rated tavern in colombia,BookRestaurant
i'd like to hear a track by theo keating,PlayMusic
book a spot for 1 close,BookRestaurant
add share the well to my,AddToPlaylist
play some noise music on netflix.,PlayMusic
let me hear the rave tapes album from yuki koyanagi,PlayMusic
how will the weather be in 11 years from now in the same area of ,GetWeather
can you get me the maldeamores ,SearchCreativeWork
can you reserve a table ,BookRestaurant
where can i watch the mark,SearchScreeningEvent
book a spot for 1 close to geraldine's house,BookRestaurant
i need movie times for films in the neighbourhood,SearchScreeningEvent
i want to give think like a freak one,RateBook
i'd like to see the paul murray live,SearchCreativeWork
find films in cinemark theatres,SearchScreeningEvent
"i would give the against his-story, against leviathan saga a value of one",RateBook
rate the current album a five out of 6,RateBook
rate the previous album 0 points out of ,RateBook
rate cold light 5 out of ,RateBook
book reservations at a restaurant that serves brazilian food for 9 people,BookRestaurant
rate the effortless mastery chronicle a 4,RateBook
play lukasz gottwald album on zvooq,PlayMusic
add radhae unakku kobam aagathadi to my,AddToPlaylist
rate seeing the big picture a zero out of 6 points,RateBook
i want to book a restaurant with a ,BookRestaurant
is there a blizzard in tennessee colony,GetWeather
book a table for one in a bar serving saucisse for meal in ,BookRestaurant
add the rating for this ,RateBook
can you book reservations for jeanne and charlotte at a diner in ,BookRestaurant
the half-life chronicle deserves 3 ,RateBook
book a restaurant close by my daughters's work location,BookRestaurant
i rate the chronicle,RateBook
i want to watch uproar in the studio at the nearest,SearchScreeningEvent
put this track on the playlist with the name roadrunner rec new releases,AddToPlaylist
make me reservations for a ,BookRestaurant
she me the movie schedule for animated movies,SearchScreeningEvent
can you please assign two points to the white niggers of america,RateBook
"find touch of eva, a tv show i want to see",SearchCreativeWork
add kd lang to my deep focus playlist,AddToPlaylist
put this yury chernavsky tune,AddToPlaylist
"i would give the against his-story, against leviathan saga",RateBook
what is the movie schedule for the pacific theatres,SearchScreeningEvent
which movies are playing at the nearest,SearchScreeningEvent
when is blood and ice cream-trilogie,SearchScreeningEvent
when is the third eye,SearchScreeningEvent
i need to book the best food court in within the same area as ok that serves persian food for my ex husband and i,BookRestaurant
i'd like to eat at a bar that serves corn relish with a party of ,BookRestaurant
what is the weather in gipsy-gordon wildland park,GetWeather
put limey onto my this is astor piazzolla,AddToPlaylist
find a ,SearchScreeningEvent
i want to book a bar neighboring our apartment.,BookRestaurant
"i need a table for me, violet and maude",BookRestaurant
where is the creative work seven pillars of wisdom?,SearchCreativeWork
show the movie schedules at united paramount theatres,SearchScreeningEvent
i'd like to find the days of glory saga,SearchCreativeWork
will there be fog in my current position,GetWeather
i want a table for seven at twenty three o'clock in ,BookRestaurant
book a brasserie in cuney for seven,BookRestaurant
is the butcher boy,SearchScreeningEvent
i need an animated movies in the area,SearchScreeningEvent
please book reservations at a ,BookRestaurant
i'd like a table for 7 at ,BookRestaurant
find the schedule for for the unnaturals at ,SearchScreeningEvent
book me a restaurant in ,GetWeather
rate the grisly wife ,RateBook
i would like to hear music from 1993,PlayMusic
book an indoor restaurant near wallington,BookRestaurant
add fra mols til skagen to my,AddToPlaylist
book a spot at a steakhouse with ,BookRestaurant
rate this book titled cold two,RateBook
add quicksand to my,AddToPlaylist
how temperate will it be here this week,GetWeather
rate the book the nightmare lands ,RateBook
what is the foggy forecast for nov. 15 in france in brookland terrace,GetWeather
give the dark abode,RateBook
add visible wings to my,AddToPlaylist
add naomi schemer to my,AddToPlaylist
book near montana restaurant serving sri lankan food for 6 that is highly rated on tues.,BookRestaurant
rate orion in the dying time ,RateBook
whats the closest movie house,SearchScreeningEvent
can you add a track by david wolfenberger to ,AddToPlaylist
book a spot that is faraway,BookRestaurant
what time are movies showing at ,SearchScreeningEvent
is it going to be hot in karthaus at 7 am?,GetWeather
can you let me know the films that are on the movie schedules,SearchScreeningEvent
rate the sunrise lands a zero,RateBook
play henrie mutuku album,PlayMusic
book table on the 23 in illinois at the maison parthenais-perrault ii.,BookRestaurant
what is the midday,GetWeather
i want to go to a ,BookRestaurant
i need movie times,SearchScreeningEvent
make reservations at a restaurant in adrian,BookRestaurant
i want more francis healy in the rockin' vibes playlist. ,AddToPlaylist
play me some folklore music,PlayMusic
i give out of sync,RateBook
"i need to reserve two seats to eat at in salina, alabama.",BookRestaurant
i give cross country four out of ,RateBook
show the movies,SearchScreeningEvent
weather for knierim,GetWeather
play some 1999,PlayMusic
what is the weather going to be like in klondike gold rush national historical park,GetWeather
show me showtimes at the cinema,SearchScreeningEvent
find the movie schedule for dipson theatres.,SearchScreeningEvent
rate pastwatch: the redemption of christopher columbus,RateBook
is the weather colder in ,GetWeather
find national amusements showing the sea is behind,SearchScreeningEvent
rate people of the lakes 2 of 6,RateBook
what are the showtimes for beware! the blob,SearchScreeningEvent
"rate this book 2
 stars",RateBook
play the greatest melody from paul wright on pandora,PlayMusic
"i'm looking to book a table at a place in newton falls, prefereably within the same area",BookRestaurant
rate this album a 1,RateBook
i want to hear something from the nineties by alissa musto on ,PlayMusic
what will be the wind speed around ,GetWeather
rate the crocus list,RateBook
book reservation in gasconade at the best restaurant in ,BookRestaurant
i need a reservation for eight at a diner that has ,BookRestaurant
find the schedule for kingsman: the secret service at a ,SearchScreeningEvent
book a restaurant for august fourth not far,BookRestaurant
find movie schedules for animated movies,SearchScreeningEvent
find the schedule for for corn,SearchScreeningEvent
can i reserve the khedive palace restaurant for ,BookRestaurant
book a spot at a restaurant faraway from ,BookRestaurant
what will the weather be faraway in new jersey,GetWeather
add let the season in  to my,AddToPlaylist
play movement by ,PlayMusic
play goldie hill's record on google music.,PlayMusic
add i roy to my this is rosana,AddToPlaylist
book a russian restaurant for 4,BookRestaurant
find the show your hand,SearchCreativeWork
give 5 out of 6 to this ,RateBook
what movie schedule are in the area,SearchScreeningEvent
play seven steps to heaven by wikluh sky,PlayMusic
book a tea house on 5/20/2028 in pataskala that serves ,BookRestaurant
show me the tivington nott,SearchCreativeWork
add this lbc crew tune to my ,AddToPlaylist
book a restaurant for tortelloni,BookRestaurant
give the current book im reading zero,RateBook
book sot for 22 minutes from now at a restaurant,BookRestaurant
put k maro,AddToPlaylist
play shaina magdayao's music on iheart,PlayMusic
show me movie times at mjr theatres at ,SearchScreeningEvent
"book guenther house for 6 on oct. 24, 2035",BookRestaurant
add heart like a hurricane to digster soul classics,AddToPlaylist
i am giving this ,RateBook
what is the weather going to be like in twenty three minutes,GetWeather
i need a reservation for harveys this winter in ,BookRestaurant
is it supposed to be colder at lunch,GetWeather
play brenda kahn's rushall station.,PlayMusic
add eef barzelay to my,AddToPlaylist
please get me the crime and punishment in suburbia trailer,SearchCreativeWork
will it get chillier in north creek forest,GetWeather
add billy martin,AddToPlaylist
add the proof album,AddToPlaylist
i'd like to watch films at marcus corporation,SearchScreeningEvent
book for 8 am in massachusetts for 1,BookRestaurant
add sara hickman to my targeted,AddToPlaylist
give this novel two out of 6 stars,RateBook
find the closest movie theatre with animated movies,SearchScreeningEvent
is redacted,SearchScreeningEvent
my group of seven wants to eat at yogurt mountain,BookRestaurant
i want to book a reservation ,BookRestaurant
i'd like to find the book,SearchCreativeWork
i give the budayeen nights saga ,RateBook
book me a reservation at a burger joint close-by,BookRestaurant
please search the title ,SearchCreativeWork
how will the weather be in new mexico around ,GetWeather
i give the current essay a ,RateBook
put this album in my fiesta section,AddToPlaylist
show creative video game the boat is full,SearchCreativeWork
rate the nova scotia: new scottish speculative fiction saga a ,RateBook
i want to rate hostile waters chronicle book,RateBook
rate this textbook 5 points,RateBook
i need a table in iron gates in one minute,BookRestaurant
give two star to as long as we both shall live book,RateBook
what's the weather looking like right now in croatia,GetWeather
add anti ep to ,AddToPlaylist
is there any hail in monterey bay national marine sanctuary,GetWeather
"book a spot for kelli, jean and i at a ",BookRestaurant
add the singer barbara to ,AddToPlaylist
book a restaurant at a steakhouse around in town that serves empanada for me and my son,BookRestaurant
"i'd like a reservation at a place in iran for neva, alice and maggie parker.",BookRestaurant
book a socca,BookRestaurant
add this matt bachand,AddToPlaylist
will it colder,GetWeather
add this artist to my the road to punk rock playlist,AddToPlaylist
will the weather conditions be ,GetWeather
"how cold is it in cargray, ",GetWeather
add track to punk essentials,AddToPlaylist
add the r l burnside album to my,AddToPlaylist
i'd like to hear ami suzuki,PlayMusic
can you tell me the weather forecast for six am,GetWeather
give this album three / ,RateBook
book a restaurant for four in trinidad and tobago,BookRestaurant
tell me the weather forecast for wy,GetWeather
can the artist big mama thornton be put onto ,AddToPlaylist
on 2/25/2025 will it be hot in holstein,GetWeather
"i would like to book at a pub on mar. 8, 2020 that is close to broadway-lafayette st for ",BookRestaurant
the book the gardens of the moon deserves only 1 ,RateBook
i think memorial day,RateBook
find painting,SearchCreativeWork
what time is project censored the movie playing at the ,SearchScreeningEvent
play caitlin cary from the fourties,PlayMusic
what will the weather be like may the 10th in rocky boy wi,GetWeather
play some chanson style music.,PlayMusic
what is the forecast for colder conditions ,GetWeather
i need an ,SearchScreeningEvent
i need seating at ,BookRestaurant
put this track on soul bpm,AddToPlaylist
play music by ryan malcolm from ,PlayMusic
play a ballad by heath,PlayMusic
play soldier boy,PlayMusic
what is the movie schedule for animated movies playing in the neighborhood?,SearchScreeningEvent
i want to book a reservation within the same area,BookRestaurant
put another ,AddToPlaylist
add fear and bullets to my chill tracks playlist. ,AddToPlaylist
rate the book the devil in velvet 4,RateBook
rate the current series 1,RateBook
is it cloudy in the same area,GetWeather
book the tea house,BookRestaurant
show a family torn apart tv show,SearchCreativeWork
i need a table for nine at a restaurant in pelican bay serving chips,BookRestaurant
look for the district 9 ,SearchCreativeWork
i need a reservation for a restaurant close by ,BookRestaurant
show me the saga,SearchCreativeWork
book reservations at a north indian bar,BookRestaurant
please get me ,SearchCreativeWork
book for crepes at a restaurant,BookRestaurant
add undressed to ,AddToPlaylist
book a table for my granddaughter and i at the ,BookRestaurant
what will the weather be in east new market ,GetWeather
"where do i purchase the book, baby-sittor?",SearchCreativeWork
play 1960 chant,PlayMusic
add od mene se odvikavaj to my laundry,AddToPlaylist
what is the lualualei forecast for one minute from now,GetWeather
this current book only nets 3 out of ,RateBook
add circus to my post garage wave revival,AddToPlaylist
give love in the time of foreclosure 4 of ,RateBook
play cherry pink,PlayMusic
add this candi staton ,AddToPlaylist
play skin & bone by jess stacy on deezer,PlayMusic
add 21 at 33 to the playlist called wake up everybody,AddToPlaylist
i give a rating of 3 to the ultimate resource,RateBook
give the plague,RateBook
play some annie herring,PlayMusic
is it going to be humid faraway from here around,GetWeather
can you please assign two ,RateBook
add no secrets to ,AddToPlaylist
i want to hear a soundtrack by ,PlayMusic
i feel that the loveday trials is rated at a one out of 6 points,RateBook
add nyoil to ,AddToPlaylist
can you put this tune onto erin's ,AddToPlaylist
please open pandora for me,PlayMusic
i'd give the day of reckoning four points,RateBook
put beside you in my ,AddToPlaylist
what time is always brando,SearchScreeningEvent
add sam moore to lo mejor de los 00's,AddToPlaylist
show me the movie schedules for movies playing around here today.,SearchScreeningEvent
play hã¦ttuleg hljã³msveit & glã¦pakvendiã° stella by ,PlayMusic
does the forecast show a storm,GetWeather
play zvooq night rider,PlayMusic
add the avispa track to my bass gaming,AddToPlaylist
what is the weather for my current place,GetWeather
find films scheudle in the neighborhood at ,SearchScreeningEvent
"find the real dirt on farmer john, a saga",SearchCreativeWork
rate a faint cold fear  0 points,RateBook
add the name not fade away to the playlist the midnight hour,AddToPlaylist
for this current essay i give 5,RateBook
open itunes and play kenny cox ,PlayMusic
i'd like to eat at the best ,BookRestaurant
will it be windy at 4 pm in ny,GetWeather
can i get the showtimes for the kitchen toto at cineplex odeon corporation.,SearchScreeningEvent
is love and other troubles,SearchScreeningEvent
i want to eat a highly rated ,BookRestaurant
play paul landers,PlayMusic
let me see the movie ,SearchScreeningEvent
book a restaurant in mauritania,BookRestaurant
book for seven,BookRestaurant
find a photograph called call on me.,SearchCreativeWork
reservea  table for five people on september second in gabon,BookRestaurant
play the last niney the observer song,PlayMusic
play the best chant of 1975,PlayMusic
this book isn't ,RateBook
play the newest chant,PlayMusic
rate this album five out of 6 stars,RateBook
"book a table for june the thirteenth, 2033 in saint barthã©lemy for ",BookRestaurant
when is the life and death of king richard ii playing at mann theatres?,SearchScreeningEvent
book an outdoor place for 11/1/2033 in town within walking distance of a brasserie for nine,BookRestaurant
play got to be free by ,PlayMusic
book reservations at a restaurant in jersey for six people ,BookRestaurant
add armand van helden,AddToPlaylist
is there going to be a depression two hundred sixteen days and a half from now in ,GetWeather
rate making sense of marx 2 stars.,RateBook
i need to book a table at a nearby restaurant,BookRestaurant
"book a restaurant this year for party of 2
",BookRestaurant
can you get me the education of little tree,SearchCreativeWork
add buddy tate to just dance by aftercluv,AddToPlaylist
book a manadonese,BookRestaurant
i think this album deserves 0 ,RateBook
where to buy painting target practice,SearchCreativeWork
i need to find a table for 4 at a brasserie that has fondue,BookRestaurant
give 0 out of 6,RateBook
will it hail today in west point at 11:36:48,GetWeather
i want to put another ,AddToPlaylist
i need rave slacker,PlayMusic
book a spot for five at a ,BookRestaurant
find the work i looked up,SearchCreativeWork
rate the at the villa rose series 3 of ,RateBook
add this album to my party with friends,AddToPlaylist
i want to hear the album ,PlayMusic
add progress,AddToPlaylist
i want to book a restaurant for nine with ,BookRestaurant
"i need a reservation for claudine, kelsey and shelley at a ",BookRestaurant
rate atop an underwood: early stories and other writings,RateBook
"i want to give rebbe: the life and teachings of menachem m. schneerson, the most influential rabbi in modern history two out of 6 points",RateBook
play some 2002 music,PlayMusic
use itunes,PlayMusic
is the expected weather temperate here,GetWeather
play sweet shanghai devil by ,PlayMusic
what time is swarna trishna playinh at loews cineplex,SearchScreeningEvent
please add a track from jeff mills to my,AddToPlaylist
i rate the current album four of 6,RateBook
what's the nearest movie house showing women who fall by the wayside,SearchScreeningEvent
add histoire de melody nelson,AddToPlaylist
find games wizards play ,SearchCreativeWork
rate lost boys: why our sons turn violent and how we can save them zero of ,RateBook
the current textbook gets ,RateBook
rate my current book one stars,RateBook
what will the weather be in catahoula national wildlife refuge,GetWeather
"find bal ganesh 2, a ",SearchCreativeWork
will it be chillier at my ,GetWeather
book a table not far in wy at a gastropub with internet for ,BookRestaurant
book a spot for 9 in thirty three days  at ringlestone inn close,BookRestaurant
in bon secour national wildlife refuge at twelve pm will it be chilly,GetWeather
find alamo drafthouse cinema,SearchScreeningEvent
rate this saga 0 out of 6,RateBook
show the movie move any mountain,SearchCreativeWork
what's the weather like in schenectady ma?,GetWeather
book reservations at phase 1 in ,BookRestaurant
add jerry dixon to my chill out,AddToPlaylist
play the album will rap over hard rock for food,PlayMusic
can i get the showtimes for the closest ,SearchScreeningEvent
reserve me a table for 10 at a ,BookRestaurant
book me a reestaurant that is close in the country of ,BookRestaurant
find a show called ,SearchCreativeWork
make me a reservation at a ,BookRestaurant
i'm in tuolumne city and want fast food for a party of eight,BookRestaurant
give two out of 6 to ,RateBook
rate cold light,RateBook
what time is last exit to brooklyn playing at ,SearchScreeningEvent
book a spot for ten in morris ranch ,BookRestaurant
i rate observations one,RateBook
i need the weather at noon for ,GetWeather
add deuce to my ,AddToPlaylist
find me a table for two,BookRestaurant
book bridge round house for one at meal time in democratic republic of the congo close,BookRestaurant
add album radar latino,AddToPlaylist
book a restaurant with wifi for nine,BookRestaurant
"check the forecast for fernwood, mt",GetWeather
"can you find me the work, ",SearchCreativeWork
find confusion bay,SearchCreativeWork
i need to see a list of films,SearchScreeningEvent
find a soundtrack called the outpost.,SearchCreativeWork
i want to find a salami restaurant in bastian in,BookRestaurant
in a week  make a reservation for a table of 7 in ,BookRestaurant
add this tune to cristina's endorphin rush,AddToPlaylist
i want to watch ghosts of the abyss at ,SearchScreeningEvent
add nothing can stop us,AddToPlaylist
play a movement from top-20 ,PlayMusic
play artist vlada divljan from something he did that is good,PlayMusic
where is the penthouse playing,SearchScreeningEvent
i want to add this bon scott song to my,AddToPlaylist
this saga is definitely worth 4 ,RateBook
book a spot for two at a churrascaria that sells cupcake,BookRestaurant
add the second three years to my,AddToPlaylist
book a bar with a pool in mountain iron,BookRestaurant
add this current,RateBook
i'd like to reserve a table at a pub that serves andouillettes within the same area,BookRestaurant
assign 4 stars out of 6 to the ,RateBook
look up the dock of the bay,SearchCreativeWork
rate my current album 5 ,RateBook
find the son of man,SearchCreativeWork
the dubstep dangles dirty,AddToPlaylist
where can i view the trailer extreme – the collection,SearchCreativeWork
please book me a table at a food court faraway,BookRestaurant
on april 2nd,GetWeather
find the schedule for the closest ,SearchScreeningEvent
i want to hear the latest,PlayMusic
me and robin need reservations for somewhere in palau,BookRestaurant
what's the forecast far from here,GetWeather
when are the ,SearchScreeningEvent
how's the weather going to be on jul. 2 in whiteside,GetWeather
i would like to book a highly rated brasserie with souvlaki neighboring,BookRestaurant
book a gastropub in rose creek,BookRestaurant
what is the weather here at ,GetWeather
book a reservation for a restaurant serving wontons for ten,BookRestaurant
show me a textbook with a rating of 2 and a maximum rating of ,RateBook
can you give me the forecast for 11,GetWeather
i would like a table for jacqueline wilson and deanna at david carpenter house in uncas fm,BookRestaurant
what is the films with movie times ,SearchScreeningEvent
what is the chilly forecast for ,GetWeather
what is the movie times at marcus corporation,SearchScreeningEvent
i want to book a bar in bonaparte palau.,BookRestaurant
what will the weather be like in louisiana will it be colder,GetWeather
add willie nelson live to my acoustic blues playlsit,AddToPlaylist
play the newest martin solveig,PlayMusic
21 weeks from now ,BookRestaurant
want to know the ,GetWeather
play the top melody,PlayMusic
can you pull up the ,SearchCreativeWork
i want to take nine people to a diner close to the ,BookRestaurant
where to watch ,SearchCreativeWork
i want glam added to the ,AddToPlaylist
play keep your right up ,SearchCreativeWork
is a man called hero playing during brunch at the ,SearchScreeningEvent
i give a zero,RateBook
book a delicatessen that is indoor for ,BookRestaurant
is unbeatable harold at ,SearchScreeningEvent
add stephen mcnally to ,AddToPlaylist
add mg the visionary to my dubstep playlist,AddToPlaylist
what is weather in azerbaijan ,GetWeather
give bruce lee: the man only i knew ,RateBook
play some music on lastfm.,PlayMusic
what will be the temperate in tyresta national park on 7/18/2030,GetWeather
give 4 points to fight club,RateBook
add this artist to my,AddToPlaylist
add vikku vinayakram to my ,AddToPlaylist
please get me rough and ready,SearchCreativeWork
weather for ma in the ,GetWeather
give grand conspiracy,RateBook
will it be warm neighboring here,GetWeather
put targeted in my clapton chronicles the best of eric clapton,AddToPlaylist
give me weather information for ,GetWeather
i'd like a table for six in nine weeks,BookRestaurant
book a spot at a sushis diner,BookRestaurant
book the boon brick store for ,BookRestaurant
i would like this song added to my ,AddToPlaylist
rate they came from the sea 1,RateBook
find the schedule for the solitude of prime numbers at the nearest cinema in 1 hour .,SearchScreeningEvent
add first issue,AddToPlaylist
book a table at a diner which serves thousand island dressing in ivory coast.,BookRestaurant
i need seats for six at a vegan bar in london borough of enfield or the same distant,BookRestaurant
find the schedule for the nightmare six hours from now at the nearest ,SearchScreeningEvent
play a martyn bennett from 1957 on ,PlayMusic
add rupee to ,AddToPlaylist
what is the weather starting at 11:47:52 for south africa,GetWeather
i need a list of places in the area  that i can see animated movies in six minutes,SearchScreeningEvent
book a table for 8 at a pub in ,BookRestaurant
"please book reservations at a restaurant that serves empanada, party for three with betty and dolly",BookRestaurant
book a restaurant table at the food court in the ,BookRestaurant
please look up the falls church news-press album,SearchCreativeWork
is it cold ever in farristown,GetWeather
will it be hot on orthodox good friday,GetWeather
when can i see salaam-e-ishq: a tribute to love at ,SearchScreeningEvent
play shinehead's music from the twenties,PlayMusic
please give me the weather for ,GetWeather
add buddy tate to just dance by aftercluv list,AddToPlaylist
i give rogue ship 5 out of 6,RateBook
add changes & things to hot 50,AddToPlaylist
i'd give the main-travelled roads series 0 ,RateBook
"rate goodbye, mr. chips",RateBook
look for the creative work called white sugar,SearchCreativeWork
book a restaurant for 3 in new mexico.,BookRestaurant
play the album 21st century live by chet lam on ,PlayMusic
"i need to add an artist to one of my playlists, classical new releases spotify picks",AddToPlaylist
i'd like to put ryå yamazaki,AddToPlaylist
can you add blood on the face,AddToPlaylist
i need to have pat alger's ,AddToPlaylist
this current album would get ,RateBook
book trentino serving bar for ,BookRestaurant
i would give political man zero stars,RateBook
book a churrascaria in macao,BookRestaurant
i want a table to seat 10 at a close-by to ottumwa that serves ,BookRestaurant
"give enemies, a love story 4 ",RateBook
when is his english wife showing at the ,SearchScreeningEvent
add an artist to my,AddToPlaylist
rate what the dog saw a ,RateBook
please add checkmate to my ,AddToPlaylist
what's the forecast for mt ,GetWeather
give drift: the unmooring of american military power 0 out of 6 ,RateBook
i need a table at a brasserie,BookRestaurant
painting of live from the el rey theatre,SearchCreativeWork
book a spot distant from the neighborhood on the week-end,BookRestaurant
what is the blizzard forecast for ,GetWeather
add the tune by misato watanabe to the trapeo playlist,AddToPlaylist
reserve me a table for 10 at a mt cafe for breakfast.,BookRestaurant
i want to add a tune,AddToPlaylist
add the proof album to cierra la puerta playlist,AddToPlaylist
i want to give the first person and other stories 0,RateBook
book something at a highly rated and distant cafe in ,BookRestaurant
open deezer and search for scott miller and play some of his new,PlayMusic
i need to book a restaurant for five in liberia,BookRestaurant
"the chronicle of the emperor wears no clothes was too naive and simple, i'd give it 1 out of ",RateBook
find war & peace vol. 1,SearchCreativeWork
rat the current textbook,RateBook
is there a snowstorm in the forecast for el cenizo,GetWeather
"please find me a table at a place that serves glace, has room for ",BookRestaurant
i want this artist,AddToPlaylist
rate the current book 3 out of 6 stars,RateBook
rate cousin bette,RateBook
tell me when it'll be sunny in ,GetWeather
which movies are playing ,SearchScreeningEvent
stick fonseca in the songs to sing in the car,AddToPlaylist
please find me the hanging valley,SearchCreativeWork
"will there be a depression at three am in topinabee, ",GetWeather
book a spot at a highly rated tavern in ,BookRestaurant
find manual of love 2.,SearchCreativeWork
add a track to my playlist funk outta here,AddToPlaylist
i give a rating of 4 out of 6,RateBook
i give the alchemyst: the secrets of the immortal nicholas flamel 2 out of 6 stars,RateBook
will it be a ,GetWeather
give this novel a rating of 1 points,RateBook
play me a 2015 ,PlayMusic
rat short trips: a christmas treasury,RateBook
can 50 minute technicolor dream,AddToPlaylist
what will the weather be in nm,GetWeather
can you play the greatest sarah brightman,PlayMusic
put an inyecciã³n musical track in the nanette's,AddToPlaylist
i want to book the distant downtown ,BookRestaurant
play some theme based music from the thirties,PlayMusic
i want to hear music from ,PlayMusic
i'd like to eat at an ,BookRestaurant
add this jimmy london tune to the new waltz playlist,AddToPlaylist
is this film going to be at malco theatres?,SearchScreeningEvent
play the theme music from 1963 by yuki koyanagi,PlayMusic
will it be chilly around oregonia in 9 months ,GetWeather
stick fonseca in the songs to sing in the car playlist,AddToPlaylist
"what's the weather forecast for north wolcott, ",GetWeather
"book a table for 5 people in goodland, ",BookRestaurant
what is the movie schedules for films in the neighborhood,SearchScreeningEvent
at thirteen hundred hours,GetWeather
add track to hit remix,AddToPlaylist
what are the movie times at the ,SearchScreeningEvent
forecast for hardinsburg 20 seconds from now,GetWeather
will there be a storm nearby,GetWeather
add the track ,AddToPlaylist
can you let me know what animated movies are playing ,SearchScreeningEvent
book a spot for me and my sister at a restaurant that has ,BookRestaurant
is it forecast to be chilly here on july 14,GetWeather
play me a bluegrass ,PlayMusic
add sam sparro to ,AddToPlaylist
what's the weather in the marshall islands,GetWeather
turn on last fm,PlayMusic
book a table in sterling run for two with a pool and ,BookRestaurant
will it snowstorm next week in ,GetWeather
add country nights,AddToPlaylist
play easy listening,PlayMusic
add brian larsen to my ,AddToPlaylist
will it be freezing at 1 am,GetWeather
i want to make a reservation at a sushi restaurant,BookRestaurant
please rate this book and album 4 to 6 stars.,RateBook
i give the next essay,RateBook
will it be sunny in corcovado,GetWeather
find the movie schedules for animated movies ,SearchScreeningEvent
add tune to my relax & unwind playlist,AddToPlaylist
will there be a blizzard in saudi arabia,GetWeather
play seaside by ,PlayMusic
list movie schedules,SearchScreeningEvent
is it going to be nice at 6 am,GetWeather
give the englishman of the bones,RateBook
will it be overcast in 1 minute within walking distance of oh,GetWeather
use service vimeo the genre ,PlayMusic
play the song vodka by kunal ganjawala,PlayMusic
add ian stuart donaldson to ,AddToPlaylist
what's the weather in mettawa oklahoma,GetWeather
play out from under,PlayMusic
play the artist ,PlayMusic
book a fried fish serving restaurant for one at ,BookRestaurant
add tune to classical intimate dinner,AddToPlaylist
in nh will it be ,GetWeather
"what is the weather going to be like in klondike gold rush national historical park on february the 28th, 2034?",GetWeather
how will the weather be at 8 am in ct,GetWeather
add so far to my,AddToPlaylist
rate this book four stars out of 6,RateBook
give the abstinence teacher 4 out of 6,RateBook
how far from quebeck,GetWeather
is it cloudy in georgia,GetWeather
what will it be like feb. the twentieth in colorado,GetWeather
reserve a table for two for jun. 13th in a neighboring bistro,BookRestaurant
is it going to be snowy ,GetWeather
add the song don't drink the water to my playlist,AddToPlaylist
what film,SearchScreeningEvent
give my current book 4 stars,RateBook
put the frl menke song in my comedy top tracks,AddToPlaylist
play anything  from hiromitsu agatsuma off ,PlayMusic
rate this textbook 5 points out of ,RateBook
play the album winner takes all by takuro with ,PlayMusic
book a table for one at the bear hotel in peru,BookRestaurant
"can you find me the work titled, a little curious",SearchCreativeWork
please shoe me the ,SearchScreeningEvent
can you add honey hush,AddToPlaylist
what movies are playing at the nearest cinema,SearchScreeningEvent
find the schedule for central airport at the closest ,SearchScreeningEvent
show me animated movies,SearchScreeningEvent
will it be temperate in ,GetWeather
book san francisco brewing company for two,BookRestaurant
play the theme tune that ,PlayMusic
"is it going to be warmer in cinnaminson, north carolina",GetWeather
add riddim driven engine 54 & humanity ,AddToPlaylist
i'd like to eat in iran with a party of 9 on ,BookRestaurant
i want to book meriton grand hotel tallinn in new jersey,BookRestaurant
what is the forecast for foggy conditions here in twenty one minutes,GetWeather
i want to hear some theme,PlayMusic
where can i see the show latin for lovers,SearchCreativeWork
where and when is unleashed – entfesselt,SearchScreeningEvent
book in romania for christian and susana at ,BookRestaurant
edit top 100 indie tracks on spotify,AddToPlaylist
put the song playing on laverne's rapcaviar,AddToPlaylist
add the proof album to ,AddToPlaylist
add artist hex hector to my old school death metal,AddToPlaylist
play party ben on slacker,PlayMusic
i would rate coming through slaughter,RateBook
"play the track goodbye alexander, goodbye honey boy",PlayMusic
"what is the weather forecast for here
",GetWeather
i'm looking for a picture of fresh air,SearchCreativeWork
where can i find richard the lionheart: rebellion,SearchCreativeWork
add slimm cutta calhoun to my this is prince playlist. ,AddToPlaylist
i give the aquariums of pyongyang 3 out of 6 stars,RateBook
add this tune to the refugee playlist,AddToPlaylist
rate cold comfort farm a three,RateBook
will you add pat kirtley to my covered in punk,AddToPlaylist
0 stars for this,RateBook
find a highly rated ,BookRestaurant
